[
 {
   "name": "名字心臟病",
   "familiar": "",
   "numbers": "5-7人",
   "cata": "cooperation",
   "items": "1.預備撲克牌大小的白紙(人數*5=數量)\n2.預備5張特殊鬼牌(可寫活動名稱)\n2.數支彩色筆(同人數)",
   "purpose": "快速熟悉彼此名字",
   "summary": "",
   "rules": "初階版\n1.每人手上5張紙，紙上寫上自己名字(直式)\n2.玩法如同心臟病，輪流喊自己名字\n3.只要喊出名字與翻出名字相同，就要拍牌\n4.特殊鬼牌每個人無條件拍牌\n5.手牌最先沒有即為贏家\n\n進階版\n1.順/逆時鐘喊旁邊人的名字\n2.其他規則與初階版相同",
   "rethink": "",
   "imageName": "heart"
 },
 {
   "name": "名字滾雪球",
   "familiar": "",
   "numbers": "10人以內",
   "cata": "cooperation",
   "items": "無",
   "purpose": "快速熟悉彼此名字",
   "summary": "",
   "rules": "初階版\n1.節奏型遊戲，大家要一起拍手\n2.大家好，我是xx，大家好。每人依序輪流喊\n\n進階版\n1.順/逆時鐘喊旁邊人的名字\n2.其他規則與初階版相同",
   "rethink": "",
   "imageName": "nameRollSnow"
 },
 {
   "name": "讚美大轟炸",
   "familiar": "",
   "numbers": "不限",
   "cata": "compete",
   "items": "1.依照人數預備紙張、原子筆數量",
   "purpose": "發現彼此優點去讚美對方",
   "summary": "",
   "rules": "1.把紙張貼在背後\n2.限時內找到不同的人，在他背上寫下對方的優點\n3.最後5-6人圍一圈，給各組2分鐘分享\n4.各圈推派一人跟全場分享",
   "rethink": "",
   "imageName": "priase"
 },
 {
   "name": "真真假假",
   "familiar": "",
   "numbers": "7-8人",
   "cata": "compete",
   "items": "無",
   "purpose": "了解彼此生活、過往經歷",
   "summary": "",
   "rules": "1.每個人輪流分享一件關於自己的故事\n2.真的與假的，二擇一分享\n3.避免跟數字有關(EX:我10歲騎腳踏車跌倒，但實際上是5歲跌倒)\n4.每一個分享，全組投票\n5.自己計分，猜對最多即為贏家",
   "rethink": "",
   "imageName": "truthandlie"
 },
 {
   "name": "撲克爭奪戰",
   "familiar": "",
   "numbers": "不限",
   "cata": "cooperation",
   "items": "1.鋪克牌(依照人數預備)",
   "purpose": "跟不同的夥伴認識、互動、分享",
   "summary": "",
   "rules": "基礎版\n1.找到一位夥伴，按照每回合題目分享\n2.數到3，一起把牌翻開做相加\n3.進行3回合，累積牌數最多即可獲勝\n\n變化版\n1.將牌進行相減\n2.其他規則與基礎版相同",
   "rethink": "",
   "imageName": "cards"
 },
 {
   "name": "打擊魔鬼",
   "familiar": "",
   "numbers": "10-12人",
   "cata": 1,
   "items": "1.預備棍子(長型、材質要軟)",
   "purpose": "彼此認識、互動",
   "summary": "",
   "rules": "基礎版\n1.每人先自我介紹，並選出一位魔王\n3.魔王隨機從一人開始，被魔王指定的那人要喊下個人的名字，魔王要轉去打那人，以此類推…\n4.魔王只能棍子輕拍肩膀，若有人被拍到，就即刻與魔王交換身分\n\n變化版\n1.每個人可以取隨意的名字(統一水果類/電器類…)\n2.其他規則與基礎版相同",
   "rethink": "",
   "imageName": "hitGhost"
 },
 {
   "name": "我是牧羊人",
   "familiar": "",
   "numbers": "30-50人",
   "cata": 1,
   "items": "無",
   "purpose": "經營輕鬆、熱絡氛圍",
   "summary": "",
   "rules": "首先隊形，所有人圍成一個大圈。\n\n基礎版\n1.主持人拍一人肩膀，只有那人是牧羊人\n2.其他人要不斷去詢問人：你是牧羊人嗎？\n3.如果你是牧羊人，前兩個人詢問都要拒絕，第三人詢問時，你要舉高右手並大喊我是牧羊人，其餘的人要搭肩在牧羊人後面。\n4.抓最後3人分享\n\n主持人選牧人過程要注意：\n1.請大家閉眼睛，唱一首兒歌，並開始選牧羊人\n\n變化版\n可以1-2位牧羊人",
   "rethink": "",
   "imageName": "shepherd"
 },
 {
   "name": "交換特質",
   "familiar": "",
   "numbers": "20人",
   "cata": 1,
   "items": "1.依照人數預備A4一半的紙張、原子筆數量)",
   "purpose": "認識彼此的性格",
   "summary": "",
   "rules": "1.於紙張左邊寫下你的特質與個性\n2.限時內，找著一位夥伴，跟他自我介紹並猜拳\n3.猜拳贏家，從對方特質表中，選出一樣想要的特質，寫在自己的紙張上面\n4.最後，5-6人圍一圈，進行分享\n5.各圈可推派一人跟全場分享",
   "rethink": "",
   "imageName": "exchange"
 },
 {
   "name": "猜猜我是誰",
   "familiar": "",
   "numbers": "15人",
   "cata": 1,
   "items": "1.預備鋪克牌大小的紙張，事先\n想好題目(統一水果類、電器類、人名…)",
   "purpose": "彼此互動",
   "summary": "",
   "rules": "1.每人拿到牌之後放在額頭上\n2.限時內，找到一人問問題(主持人會限定類別)\n3.被問問題者，只能回答是與不是\n4.知道額頭上是甚麼牌，直接找主持人",
   "rethink": "",
   "imageName": "guess"
 }
]